url,titulo,fecha,pais,institucion
https://www.digemid.minsa.gob.pe/webDigemid/alertas-modificaciones/2025/alerta-digemid-no-137-2025/,ALERTA DIGEMID Nº 137-2025,29-11-2025 03:48:25,Perú,DIGEMID
https://www.digemid.minsa.gob.pe/webDigemid/alertas-modificaciones/2025/alerta-digemid-no-136-2025/,ALERTA DIGEMID Nº 136-2025,26-11-2025 19:48:03,Perú,DIGEMID
https://www.digemid.minsa.gob.pe/webDigemid/alertas-modificaciones/2025/alerta-digemid-no-135-2025/,ALERTA DIGEMID Nº 135-2025,26-11-2025 19:44:30,Perú,DIGEMID
https://www.digemid.minsa.gob.pe/webDigemid/alertas-modificaciones/2025/modificaciones-n-14-2025/,MODIFICACIONES N° 14 – 2025,25-11-2025 17:57:03,Perú,DIGEMID
https://www.digemid.minsa.gob.pe/webDigemid/alertas-modificaciones/2025/modificaciones-n-13-2025/,MODIFICACIONES N° 13 – 2025,20-11-2025 16:03:49,Perú,DIGEMID
https://www.digemid.minsa.gob.pe/webDigemid/alertas-modificaciones/2025/alerta-digemid-no-134-2025/,ALERTA DIGEMID Nº 134-2025,19-11-2025 21:52:52,Perú,DIGEMID
https://www.digemid.minsa.gob.pe/webDigemid/alertas-modificaciones/2025/alerta-digemid-no-133-2025/,ALERTA DIGEMID Nº 133-2025,19-11-2025 21:51:31,Perú,DIGEMID
https://www.digemid.minsa.gob.pe/webDigemid/alertas-modificaciones/2025/modificaciones-n-12-2025/,MODIFICACIONES N° 12 – 2025,18-11-2025 20:15:42,Perú,DIGEMID
https://www.digemid.minsa.gob.pe/webDigemid/alertas-modificaciones/2025/modificaciones-n-11-2025/,MODIFICACIONES N° 11 – 2025,13-11-2025 21:29:04,Perú,DIGEMID
https://www.digemid.minsa.gob.pe/webDigemid/alertas-modificaciones/2025/alerta-digemid-no-132-2025/,ALERTA DIGEMID Nº 132-2025,11-11-2025 22:11:36,Perú,DIGEMID
https://www.ispch.gob.cl/alerta/nota-informativa-de-farmacovigilancia-leuprorelina-cambios-metabolicos-y-reacciones-adversas-cutaneas-graves/,NOTA INFORMATIVA DE FARMACOVIGILANCIA LEUPRORELINA: CAMBIOS METABÓLICOS Y REACCIONES ADVERSAS CUTÁNEAS GRAVES,01-12-2025 14:10:32,Chile,ISPCH
https://www.ispch.gob.cl/alerta/alerta-de-retiro-del-mercado-n-34-25-del-producto-farmaceutico-mivacron-solucion-inyectable-10-mg-5-ml-de-aspen-chile-s-a/,ALERTA DE RETIRO DEL MERCADO N° 34/25 DEL PRODUCTO FARMACÉUTICO MIVACRON SOLUCIÓN INYECTABLE 10 mg/5 mL DE ASPEN CHILE S.A.,27-11-2025 12:10:26,Chile,ISPCH
https://www.ispch.gob.cl/alerta/nota-informativa-de-farmacovigilancia-evidencia-cientifica-sobre-el-mito-de-vacunas-y-autismo-comunicado-del-instituto-de-salud-publica/,EVIDENCIA CIENTÍFICA SOBRE EL MITO DE VACUNAS Y AUTISMO: COMUNICADO DEL INSTITUTO DE SALUD PÚBLICA,21-11-2025 21:49:30,Chile,ISPCH
https://www.ispch.gob.cl/alerta/alerta-de-retiro-del-mercado-n-36-25-del-producto-farmaceutico-povisept-solucion-topica-10-polividona-yodada/,ALERTA DE RETIRO DEL MERCADO N° 36/25 DEL PRODUCTO FARMACÉUTICO POVISEPT SOLUCIÓN TÓPICA 10% (POLIVIDONA YODADA) DE DIFEM LABORATORIOS S.A.,21-11-2025 11:56:00,Chile,ISPCH
https://www.ispch.gob.cl/alerta/disruptores-endocrinos-en-el-maquillaje-infantil-lo-que-padres-y-cuidadores-deben-saber/,DISRUPTORES ENDOCRINOS EN EL MAQUILLAJE INFANTIL: LO QUE PADRES Y CUIDADORES DEBEN SABER,20-11-2025 14:22:24,Chile,ISPCH
https://www.ispch.gob.cl/alerta/alerta-de-productos-farmaceuticos-sin-registro-falsificados-patches-glp-1/,ALERTA DE PRODUCTOS FARMACÉUTICOS SIN REGISTRO / FALSIFICADOS: PATCHES GLP-1,20-11-2025 14:20:29,Chile,ISPCH
https://www.ispch.gob.cl/alerta/alerta-de-retiro-del-mercado-n-35-25-del-producto-farmaceutico-dichlorexan-colutorio-012-clorhexidina-gluconato/,"ALERTA DE RETIRO DEL MERCADO N° 35/25 DEL PRODUCTO FARMACÉUTICO DICHLOREXAN COLUTORIO 0,12% (CLORHEXIDINA GLUCONATO)",05-11-2025 18:50:59,Chile,ISPCH
https://www.ispch.gob.cl/alerta/alerta-de-retiro-del-mercado-n-33-25-del-producto-farmaceuti-nimbex-solucion-inyectable-20-mg-10-ml-cisatracurio-besilato/,ALERTA DE RETIRO DEL MERCADO N° 33/25 DEL PRODUCTO FARMACÉUTI NIMBEX SOLUCIÓN INYECTABLE 20 mg/10 mL (CISATRACURIO BESILATO),05-11-2025 18:50:51,Chile,ISPCH
https://www.ispch.gob.cl/alerta/alerta-de-retiro-del-mercado-n-32-25-del-producto-farmaceutico-altad-caps-capsulas-blandas-50-000-ui-colecalciferol/,ALERTA DE RETIRO DEL MERCADO N° 32/25 DEL PRODUCTO FARMACÉUTICO ALTAD CAPS CÁPSULAS BLANDAS 50.000 UI (COLECALCIFEROL),05-11-2025 18:50:48,Chile,ISPCH
https://www.ispch.gob.cl/alerta/retiro-del-mercado-n2-2025-de-productos-con-finalidad-esmalte-de-unas-que-en-su-formula-contienen-el-ingrediente-trimethylbenzoyl-diphenylphosphine-oxide/,"RETIRO DEL MERCADO N°2/2025 DE PRODUCTOS CON FINALIDAD ESMALTE DE UÑAS, QUE EN SU FÓRMULA CONTIENEN EL INGREDIENTE TRIMETHYLBENZOYL DIPHENYLPHOSPHINE OXIDE",03-11-2025 18:45:11,Chile,ISPCH
https://www.ispch.gob.cl/alerta/sistemas-de-resonancia-magnetica-multiva-1-5t-2/,Sistemas de Resonancia Magnética Multiva 1.5T,01-12-2025 15:13:46,Chile,ISPCH
https://www.ispch.gob.cl/alerta/sistemas-de-diagnostico-por-rayos-x-proxidiagnost-n90-combidiagnost-r90-digitaldiagnost-4-high-performance-digitaldiagnost-4-flex-value-digitaldiagnost-c90-high-performance-digitaldiagnost-c90/,"Sistemas de diagnóstico por rayos X: ProxiDiagnost N90, CombiDiagnost R90, DigitalDiagnost 4 High Performance, DigitalDiagnost 4 Flex/Value,   DigitalDiagnost C90 High Performance, DigitalDiagnost C90 Flex/Value/Chest/ER y Radiograph",01-12-2025 14:55:39,Chile,ISPCH
https://www.ispch.gob.cl/alerta/magnetom-skyra-de-biograph-mmr-magnetom-skyra-fit-magnetom-vida-de-magnetom-skyra-magnetom-lumina-de-magnetom-vida-fit-magnetom-cima-x/,MAGNETOM Skyra (DE); Biograph Mmr; MAGNETOM Skyra fit; MAGNETOM Vida (DE); MAGNETOM Skyra; MAGNETOM Lumina (DE); MAGNETOM Vida Fit; MAGNETOM Cima.X,01-12-2025 14:49:15,Chile,ISPCH
https://www.ispch.gob.cl/alerta/trilogy-evo-trilogy-evo-o2-trilogy-evo-universal-y-trilogy-ev300/,"Trilogy Evo, Trilogy Evo O2, Trilogy Evo Universal y Trilogy EV300",01-12-2025 14:05:16,Chile,ISPCH
https://www.ispch.gob.cl/alerta/equipos-de-resonancia-magnetica-multiva-1-5-t/,Equipos de resonancia magnética Multiva 1.5 T,01-12-2025 13:58:09,Chile,ISPCH
https://www.ispch.gob.cl/alerta/sistemas-de-tomografia-computarizada-philips-incisive-ct-ct-3500-y-ct-5300/,"Sistemas de tomografía computarizada Philips: Incisive CT, CT 3500 y CT 5300",28-11-2025 13:26:36,Chile,ISPCH
https://www.ispch.gob.cl/alerta/stimulong-sono-ii-nanoline/,StimuLong Sono II NanoLine,28-11-2025 13:25:00,Chile,ISPCH
https://www.ispch.gob.cl/alerta/aceleradores-lineales-synergy-infinity-versa-hd-elekta-evo-harmony-y-harmony-pro/,"Aceleradores lineales (Synergy, Infinity, Versa HD, Elekta Evo), Harmony y Harmony Pro",12-11-2025 11:47:50,Chile,ISPCH
https://www.ispch.gob.cl/alerta/implante-para-glaucoma-paul/,Implante para glaucoma Paul®,03-11-2025 12:38:20,Chile,ISPCH
https://www.ispch.gob.cl/alerta/vitus-fi-clavo-para-perone-distal/,VITUS-Fi Clavo para peroné distal,27-10-2025 11:35:10,Chile,ISPCH
https://www.ispch.gob.cl/alerta/capsula-sanitizante-ozono-3000mg/,Cápsula Sanitizante Ozono 3000mg,27-09-2021 17:22:14,Chile,ISPCH
https://www.gob.mx/cms/uploads/attachment/file/1037734/Alerta_Sanitaria__RAQUIMIX_III_13112025.pdf,18_Alerta_Sanitaria__RAQUIMIX_III,13-11-2025,México,COFEPRIS
https://www.gob.mx/cms/uploads/attachment/file/1021388/Alerta_Sanitaria__SICO_10092025.pdf,17_Alerta_Sanitaria__SICO,10-09-2025,México,COFEPRIS
https://www.gob.mx/cms/uploads/attachment/file/1004506/Alerta_Sanitaria_Jeringa_27062025.pdf,16_Alerta_Sanitaria_Jeringa,27-06-2025,México,COFEPRIS
https://www.gob.mx/cms/uploads/attachment/file/951276/Alerta_sanitaria_Lapiz_Electrocirug_a_16102024.pdf,15_Alerta_sanitaria_Lapiz_Electrocirug_a,16-10-2024,México,COFEPRIS
https://www.gob.mx/cms/uploads/attachment/file/922192/Alerta_Sanitaria_Citrato_de_Sodio_17062024.pdf,14_Alerta_Sanitaria_Citrato_de_Sodio,17-06-2024,México,COFEPRIS
https://www.gob.mx/cms/uploads/attachment/file/917365/Alerta_Sanitaria_Freshcolors_22052024.pdf,13_Alerta_Sanitaria_Freshcolors,22-05-2024,México,COFEPRIS
https://www.gob.mx/cms/uploads/attachment/file/915034/Alerta_Sanitaria_Productos_Luman_10052024.pdf,12_Alerta_Sanitaria_Productos_Luman,10-05-2024,México,COFEPRIS
https://www.gob.mx/cms/uploads/attachment/file/909496/Alerta_sanitaria_de_Restylane_Kysse_17042024.pdf,11_Alerta_sanitaria_de_Restylane_Kysse,17-04-2024,México,COFEPRIS
https://www.gob.mx/cms/uploads/attachment/file/831718/Aviso_de_Riesgo_Estetoscopio_120620232.pdf,10. Alerta sanitarias  Estetoscopio,12-06-2023,México,COFEPRIS
https://www.gob.mx/cms/uploads/attachment/file/829302/Alerta_Sanitaria_Refresh_Tears_y_optive_30052023.pdf,09. Alerta sanitaria  Refresh Tears y Optive,30-05-2023,México,COFEPRIS
https://www.gob.mx/cms/uploads/attachment/file/1040710/Alerta_Sanitaria_Act_falsificaci_n_Jardianz_01122025.pdf,273_Alerta_Sanitaria_Act_falsificaci_n_Jardianz,01-12-2025,México,COFEPRIS
https://www.gob.mx/cms/uploads/attachment/file/1034684/Alerta_Sanitaria_Com._Ilegal_Med._31102025.pdf,272_Alerta_Sanitaria_Com._Ilegal_Med.,31-10-2025,México,COFEPRIS
https://www.gob.mx/cms/uploads/attachment/file/1023581/Alerta_Sanitaria_Humalog_MIX_19092025.pdf,271_Alerta_Sanitaria_Humalog_MIX,19-09-2025,México,COFEPRIS
https://www.gob.mx/cms/uploads/attachment/file/1021386/Alerta_Sanitaria_Materna_10092025.pdf,270_Alerta_Sanitaria_Materna,10-09-2025,México,COFEPRIS
https://www.gob.mx/cms/uploads/attachment/file/1021387/Alerta_Sanitaria_Act_falsificaci_n_Bayer_10092025.pdf,269_Alerta_Sanitaria_Act_falsificaci_n_Bayer,10-09-2025,México,COFEPRIS
https://www.gob.mx/cms/uploads/attachment/file/1019645/Alerta_Sanitaria_Act_Dysport_01092025.pdf,268_Alerta_Sanitaria_Act_Dysport,01-09-2025,México,COFEPRIS
https://www.gob.mx/cms/uploads/attachment/file/1019641/Alerta_Sanitaria_Choragon_01092025.pdf,267_Alerta_Sanitaria_Choragon,01-09-2025,México,COFEPRIS
https://www.gob.mx/cms/uploads/attachment/file/1019338/Alerta_sanitaria_de_Xgeva_29082025.pdf,266_Alerta_sanitaria_de_Xgeva,29-08-2025,México,COFEPRIS
https://www.gob.mx/cms/uploads/attachment/file/1015958/Alerta_Sanitaria_Higlobin_18082025.pdf,265_Alerta_Sanitaria_Higlobin,18-08-2025,México,COFEPRIS
https://www.gob.mx/cms/uploads/attachment/file/1015957/Alerta_Sanitaria_Glypressin_18082025.pdf,264_Alerta_Sanitaria_Glypressin,18-08-2025,México,COFEPRIS
https://www.gob.mx/cms/uploads/attachment/file/1019337/Alerta_Sanitaria_Abbott_Laboratories_29082025.pdf,06_Alerta_Sanitaria_Abbott_Laboratories,29-08-2025,México,COFEPRIS
https://www.gob.mx/cms/uploads/attachment/file/850686/Alerta_Sanitaria_Helados_Sotf_Serve_On_The_Go_18082023.pdf,05. Alerta sanitaria  Helados Sotf Serve On The Go,18-08-2023,México,COFEPRIS
https://www.gob.mx/cms/uploads/attachment/file/716139/Alerta_Kinder.pdf,04. Alerta sanitaria  Kinder,11-04-2022,México,COFEPRIS
https://www.gob.mx/cms/uploads/attachment/file/705479/Alerta_Abbott_F_rmulas_Abbott_23022022_VF.pdf,03. Alerta sanitaria   Abbott Formulas Abbott,23-02-2022,México,COFEPRIS
https://www.gob.mx/cms/uploads/attachment/file/211093/Alerta_Sanitaria_Pistaches_Regularizada_120417.pdf,02. Alerta sanitaria  Pistaches Regularizada,12-04-2017,México,COFEPRIS
https://www.gob.mx/cms/uploads/attachment/file/116582/2_Aerta_sanitaria_Pistaches_marca_Wondelful_10032016.pdf,01. Alerta sanitaria  Pistaches marca Wondelful,10-03-2016,México,COFEPRIS
https://www.gob.mx/cms/uploads/attachment/file/157324/3_Alerta_sanitaria_Campeonato_de_Borrachos_10102016.pdf,02. Alerta sanitaria  Campeonato de Borrachos,10-10-2016,México,COFEPRIS
https://www.gob.mx/cms/uploads/attachment/file/127524/1_Alerta_sanitaria_Bebidas_que_se_ostentan_como_alcoh_licas_05082016.pdf,01. Alerta sanitaria  Bebidas que se ostentan como alcoholicas,05-08-2016,México,COFEPRIS
https://www.gob.mx/cms/uploads/attachment/file/984311/Alerta_sanitaria_de_Robo_a_Laboratorios_Columbia_18032025.pdf,42_Alerta_sanitaria_de_Robo_a_Laboratorios_Columbia,18-03-2025,México,COFEPRIS
https://www.gob.mx/cms/uploads/attachment/file/984310/Alerta_Sanitaria_Suplementos_alimenticios_18032025.pdf,41_Alerta_Sanitaria_Suplementos_alimenticios,18-03-2025,México,COFEPRIS
https://www.gob.mx/cms/uploads/attachment/file/678074/Alerta_sanitaria_ADUL-T_281020212__1_.pdf,40. Alerta sanitaria  Adul-T,28-10-2021,México,COFEPRIS
https://www.gob.mx/cms/uploads/attachment/file/553923/Actualicaci_n_de_Alerta__Sanitaria_Novirsa_25052020.pdf,39.  Alerta sanitaria  Actualizacion Novirsa,25-05-2020,México,COFEPRIS
https://www.gob.mx/cms/uploads/attachment/file/529724/Alerta_Sanitaria_Novirsa.pdf,38. Alerta sanitaria  Novirsa S.A. de C. V,29-01-2020,México,COFEPRIS
https://www.gob.mx/cms/uploads/attachment/file/268582/37_Alerta_Sanitaria_Ajo_Estrella.pdf,37. Alerta sanitaria  Ajo Estrella,27-10-2017,México,COFEPRIS
https://www.gob.mx/cms/uploads/attachment/file/264486/Alerta_Sanitaria_Garnia_Cambogia_16102017.pdf,36. Alerta sanitaria  Garnia Cambogia,16-10-2017,México,COFEPRIS
https://www.gob.mx/cms/uploads/attachment/file/252473/36_Alerta__Sanitaria_PHN_proher_natura_30082017.pdf,35. Alerta sanitaria  PHN Proher Natura Actualización,30-08-2017,México,COFEPRIS
https://www.gob.mx/cms/uploads/attachment/file/248123/ALERTA_CAPSLIM_Actualizaci_n_2017-08-10__2_.pdf,34. Alerta sanitaria  Capslim Actualizacion,11-08-2017,México,COFEPRIS
https://www.gob.mx/cms/uploads/attachment/file/247147/Alerta_Sanitaria_GLUCOAJO_C2_09082017.pdf,33. Alerta sanitaria  Glucoajo C2,09-08-2017,México,COFEPRIS
https://app.invima.gov.co/alertas/ckfinder/userfiles/files/ALERTAS%20SANITARIAS/Dispositivos_Medicos/2025/NOVIEMBRE/Alerta%20No_%20%23376-2025%20-%20M%C3%81QUINA%20DE%20ANESTESIA%20PRIMUS%20DRAGER%20.pdf,MÁQUINA DE ANESTESIA PRIMUS DRAGER,30-11-2025,Colombia,INVIMA
https://app.invima.gov.co/alertas/ckfinder/userfiles/files/ALERTAS%20SANITARIAS/Dispositivos_Medicos/2025/NOVIEMBRE/Alerta%20No_%20%23375-2025%20-%20VENTILADORES%20DE%20CUIDADOS%20INTENSIVOS%20EVITA%20DR%C3%84GER%20.pdf,Alerta sanitaria sobre: VENTILADORES DE CUIDADOS INTENSIVOS EVITA DRÄGER,30-11-2025,Colombia,INVIMA
https://app.invima.gov.co/alertas/ckfinder/userfiles/files/ALERTAS%20SANITARIAS/Dispositivos_Medicos/2025/NOVIEMBRE/Alerta%20No_%20%23350-2025%20-%20STENT%20URETERAL%20-%20URETERAL%20STENT%20.pdf,Alerta sanitaria sobre: STENT URETERAL - URETERAL STENT,30-11-2025,Colombia,INVIMA
https://app.invima.gov.co/alertas/ckfinder/userfiles/files/ALERTAS%20SANITARIAS/Dispositivos_Medicos/2025/NOVIEMBRE/Alerta%20No_%20%23343-2025%20-%20PARCHE%20PERIC%C3%81RDICO%20SJM%E2%84%A2%20CON%20TECNOLOG%C3%8DA%20ENCAP%E2%84%A2%20-%20PARCHES%20DE%20PERICARDIO%20BOVINO%20.pdf,Alerta sanitaria sobre: PARCHE PERICÁRDICO SJM™ CON TECNOLOGÍA ENCAP™ - PARCHES DE PERICARDIO BOVINO,30-11-2025,Colombia,INVIMA
https://app.invima.gov.co/alertas/ckfinder/userfiles/files/ALERTAS%20SANITARIAS/Dispositivos_Medicos/2025/NOVIEMBRE/Alerta%20No_%20%23344-2025%20-%20EQUIPOS%20DE%20RAYOS%20X%20PARA%20RADIOLOG%C3%8DA%20Y%20FLUOROSCOPIA%2C%20ACCESORIOS%20Y%20REPUESTOS%20GENERAL%20ELECTRIC%20-%20EQUIPOS%20DE%20RAYOS%20X%20PARA%20RADIOLOG%C3%8DA%20Y%20FLUOROSCOPIA%20.pdf,"Alerta sanitaria sobre: EQUIPOS DE RAYOS X PARA RADIOLOGÍA Y FLUOROSCOPIA, ACCESORIOS Y REPUESTOS GENERAL ELECTRIC - EQUIPOS DE RAYOS X PARA RADIOLOGÍA Y FLUOROSCOPIA",30-11-2025,Colombia,INVIMA
https://app.invima.gov.co/alertas/ckfinder/userfiles/files/ALERTAS%20SANITARIAS/Dispositivos_Medicos/2025/NOVIEMBRE/Alerta%20No_%20%23345-2025%20-%20MINIMED%20780G%20INSULIN%20PUMP%20_%20BOMBA%20DE%20INSULINA%20MINIMED%20780G%20.pdf,Alerta sanitaria sobre: MINIMED 780G INSULIN PUMP / BOMBA DE INSULINA MINIMED 780G,30-11-2025,Colombia,INVIMA
https://app.invima.gov.co/alertas/ckfinder/userfiles/files/ALERTAS%20SANITARIAS/medicamentos_pbiologicos/2025/NOVIEMBRE/Alerta%20No%23383-2025%20-%20PROSTATE%20HEALTH%20marca%20SNAP%20.pdf,Alerta sanitaria sobre : PROSTATE HEALTH marca SNAP,28-11-2025,Colombia,INVIMA
https://app.invima.gov.co/alertas/ckfinder/userfiles/files/ALERTAS%20SANITARIAS/medicamentos_pbiologicos/2025/NOVIEMBRE/Alerta%20No%23382-2025%20-%20CANDIDA%20CURE%20DE%20LA%20MARCA%20WELLNESS%20.pdf,Alerta Sanitaria sobre :CANDIDA CURE DE LA MARCA WELLNESS,28-11-2025,Colombia,INVIMA
http://antigo.anvisa.gov.br/informacoes-tecnicas13?p_p_id=101_INSTANCE_R6VaZWsQDDzS&p_p_col_id=column-1&p_p_col_count=1&_101_INSTANCE_R6VaZWsQDDzS_groupId=33868&_101_INSTANCE_R6VaZWsQDDzS_urlTitle=alerta-5087-tecnovigilancia-comunicado-da-empresa-ge-healthcare-do-brasil-com-e-serv-para-equipamentos-medico-hospitalares-ltda-viewpoint-6-&_101_INSTANCE_R6VaZWsQDDzS_struts_action=%2Fasset_publisher%2Fview_content&_101_INSTANCE_R6VaZWsQDDzS_assetEntryId=7166259&_101_INSTANCE_R6VaZWsQDDzS_type=content,"Alerta 5087 (Tecnovigilância) - Comunicado da empresa GE Healthcare do Brasil, Com. e Serv. para Equipamentos Médico-Hospitalares Ltda - Viewpoint 6.",01-12-2025 17:10,Brasil,ANVISA
http://antigo.anvisa.gov.br/informacoes-tecnicas13?p_p_id=101_INSTANCE_R6VaZWsQDDzS&p_p_col_id=column-1&p_p_col_count=1&_101_INSTANCE_R6VaZWsQDDzS_groupId=33868&_101_INSTANCE_R6VaZWsQDDzS_urlTitle=alerta-5086-tecnovigilancia-tecnident-equipamentos-ortodonticos-ltda-recolhimento-re-n-2-566-de-13-de-julho-de-2023-braquete-odontologico-metalico-tec&_101_INSTANCE_R6VaZWsQDDzS_struts_action=%2Fasset_publisher%2Fview_content&_101_INSTANCE_R6VaZWsQDDzS_assetEntryId=7166172&_101_INSTANCE_R6VaZWsQDDzS_type=content,Alerta 5086 (Tecnovigilância) – Tecnident Equipamentos Ortodônticos Ltda – Recolhimento – RE Nº 2.566 de 13 de julho de 2023 - Braquete Odontológico Metálico Tecnident (10401570046); Braquetes (10401570012); Braquetes Metálicos NEW (10401579009); Braquetes Cosméticos New (10401579011); Braquete Odontológico Cerâmico (Alumina) Tecnident (10401570043); Braquete Odontológico Cosmético (10401570013); Braquete Odontológico Cosmético Tecnident (10401570045); Elástico Ortodôntico Tecnident (10401570006); Fios Ortodônticos Aço Inox Tecnident (10401579020); Placas de Acetato- Tecnident (10401570040); Adesivos Tecbond (10401570050); Fios Ortodônticos NITI Tecnident (10401579021); Banda Ortodôntica Tecnident (10401570014); Família de componentes Dosae (10401579007); Máscara Facial para Ortodontia (10401570061); Propulsor Mandibular-Tecnident (10401570034).,01-12-2025 16:31,Brasil,ANVISA
http://antigo.anvisa.gov.br/informacoes-tecnicas13?p_p_id=101_INSTANCE_R6VaZWsQDDzS&p_p_col_id=column-1&p_p_col_count=1&_101_INSTANCE_R6VaZWsQDDzS_groupId=33868&_101_INSTANCE_R6VaZWsQDDzS_urlTitle=alerta-5085-tecnovigilancia-comunicado-da-empresa-werfen-medical-ltda-hemosil-tempo-de-coagulacao-de-silica-&_101_INSTANCE_R6VaZWsQDDzS_struts_action=%2Fasset_publisher%2Fview_content&_101_INSTANCE_R6VaZWsQDDzS_assetEntryId=7163772&_101_INSTANCE_R6VaZWsQDDzS_type=content,Alerta 5085 (Tecnovigilância) - Comunicado da empresa Werfen Medical Ltda - Hemosil Tempo de Coagulação de Sílica.,27-11-2025 18:34,Brasil,ANVISA
http://antigo.anvisa.gov.br/informacoes-tecnicas13?p_p_id=101_INSTANCE_R6VaZWsQDDzS&p_p_col_id=column-1&p_p_col_count=1&_101_INSTANCE_R6VaZWsQDDzS_groupId=33868&_101_INSTANCE_R6VaZWsQDDzS_urlTitle=alerta-5084-tecnovigilancia-comunicado-da-empresa-getinge-do-brasil-equipamentos-medicos-ltda-bomba-de-balao-intra-aortico-&_101_INSTANCE_R6VaZWsQDDzS_struts_action=%2Fasset_publisher%2Fview_content&_101_INSTANCE_R6VaZWsQDDzS_assetEntryId=7163601&_101_INSTANCE_R6VaZWsQDDzS_type=content,Alerta 5084 (Tecnovigilância) - Comunicado da empresa Getinge do Brasil Equipamentos Médicos LTDA - Bomba de Balão Intra-Aórtico.,27-11-2025 08:47,Brasil,ANVISA
http://antigo.anvisa.gov.br/informacoes-tecnicas13?p_p_id=101_INSTANCE_R6VaZWsQDDzS&p_p_col_id=column-1&p_p_col_count=1&_101_INSTANCE_R6VaZWsQDDzS_groupId=33868&_101_INSTANCE_R6VaZWsQDDzS_urlTitle=alerta-5083-tecnovigilancia-comunicado-da-empresa-cepheid-brasil-importacao-exportacao-e-comercio-de-produtos-de-diagnosticos-ltda-xpert-hbv-viral-loa&_101_INSTANCE_R6VaZWsQDDzS_struts_action=%2Fasset_publisher%2Fview_content&_101_INSTANCE_R6VaZWsQDDzS_assetEntryId=7163024&_101_INSTANCE_R6VaZWsQDDzS_type=content,"Alerta 5083 (Tecnovigilância) - Comunicado da empresa Cepheid Brasil, Importação, Exportação e Comércio de Produtos de Diagnósticos Ltda - Xpert HBV Viral Load.",26-11-2025 13:37,Brasil,ANVISA
http://antigo.anvisa.gov.br/informacoes-tecnicas13?p_p_id=101_INSTANCE_R6VaZWsQDDzS&p_p_col_id=column-1&p_p_col_count=1&_101_INSTANCE_R6VaZWsQDDzS_groupId=33868&_101_INSTANCE_R6VaZWsQDDzS_urlTitle=alerta-5082-tecnovigilancia-comunicado-da-empresa-cepheid-brasil-importacao-exportacao-e-comercio-de-produtos-de-diagnosticos-ltda-xpert-ct-ng-&_101_INSTANCE_R6VaZWsQDDzS_struts_action=%2Fasset_publisher%2Fview_content&_101_INSTANCE_R6VaZWsQDDzS_assetEntryId=7162978&_101_INSTANCE_R6VaZWsQDDzS_type=content,"Alerta 5082 (Tecnovigilância) - Comunicado da empresa Cepheid Brasil, Importação, Exportação e Comércio de Produtos de Diagnósticos Ltda - Xpert CT/NG.",26-11-2025 12:56,Brasil,ANVISA
http://antigo.anvisa.gov.br/informacoes-tecnicas13?p_p_id=101_INSTANCE_R6VaZWsQDDzS&p_p_col_id=column-1&p_p_col_count=1&_101_INSTANCE_R6VaZWsQDDzS_groupId=33868&_101_INSTANCE_R6VaZWsQDDzS_urlTitle=alerta-5081-tecnovigilancia-comunicado-da-empresa-h-strattner-e-cia-ltda-equipamento-de-ultrassom-bk-medical-10302860235-equipamento-de-ultrassom-bksp&_101_INSTANCE_R6VaZWsQDDzS_struts_action=%2Fasset_publisher%2Fview_content&_101_INSTANCE_R6VaZWsQDDzS_assetEntryId=7162907&_101_INSTANCE_R6VaZWsQDDzS_type=content,Alerta 5081 (Tecnovigilância) - Comunicado da empresa H Strattner e Cia Ltda - Equipamento de Ultrassom BK Medical (10302860235); Equipamento de Ultrassom Bkspecto (10302869005).,26-11-2025 09:56,Brasil,ANVISA
http://antigo.anvisa.gov.br/informacoes-tecnicas13?p_p_id=101_INSTANCE_R6VaZWsQDDzS&p_p_col_id=column-1&p_p_col_count=1&_101_INSTANCE_R6VaZWsQDDzS_groupId=33868&_101_INSTANCE_R6VaZWsQDDzS_urlTitle=alerta-5080-tecnovigilancia-comunicado-da-empresa-philips-medical-systems-ltda-equipamento-de-ressonancia-magnetica-&_101_INSTANCE_R6VaZWsQDDzS_struts_action=%2Fasset_publisher%2Fview_content&_101_INSTANCE_R6VaZWsQDDzS_assetEntryId=7162765&_101_INSTANCE_R6VaZWsQDDzS_type=content,Alerta 5080 (Tecnovigilância) - Comunicado da empresa Philips Medical Systems Ltda - Equipamento de Ressonância Magnética.,26-11-2025 09:01,Brasil,ANVISA
http://antigo.anvisa.gov.br/informacoes-tecnicas13?p_p_id=101_INSTANCE_R6VaZWsQDDzS&p_p_col_id=column-1&p_p_col_count=1&_101_INSTANCE_R6VaZWsQDDzS_groupId=33868&_101_INSTANCE_R6VaZWsQDDzS_urlTitle=alerta-5079-tecnovigilancia-comunicado-da-empresa-medstar-importacao-e-exportacao-ltda-familia-de-audiometros-tipo-1077-&_101_INSTANCE_R6VaZWsQDDzS_struts_action=%2Fasset_publisher%2Fview_content&_101_INSTANCE_R6VaZWsQDDzS_assetEntryId=7162443&_101_INSTANCE_R6VaZWsQDDzS_type=content,Alerta 5079 (Tecnovigilância) - Comunicado da empresa Medstar Importação e Exportação Ltda - Família de Audiômetros Tipo 1077.,25-11-2025 17:34,Brasil,ANVISA
http://antigo.anvisa.gov.br/informacoes-tecnicas13?p_p_id=101_INSTANCE_R6VaZWsQDDzS&p_p_col_id=column-1&p_p_col_count=1&_101_INSTANCE_R6VaZWsQDDzS_groupId=33868&_101_INSTANCE_R6VaZWsQDDzS_urlTitle=alerta-5078-tecnovigilancia-comunicado-da-empresa-intuitive-surgical-brasil-importacao-e-comercio-de-equipamentos-cirurgicos-ltda-sistema-cirurgico-ro&_101_INSTANCE_R6VaZWsQDDzS_struts_action=%2Fasset_publisher%2Fview_content&_101_INSTANCE_R6VaZWsQDDzS_assetEntryId=7162409&_101_INSTANCE_R6VaZWsQDDzS_type=content,Alerta 5078 (Tecnovigilância) - Comunicado da empresa Intuitive Surgical Brasil Importação e Comércio de Equipamentos Cirúrgicos Ltda - Sistema Cirúrgico Robótico da Vinci - Intuitive Surgical / Endoscopic Instrument Control System da Vinci - Intuitive Surgical.,25-11-2025 17:11,Brasil,ANVISA
https://app.invima.gov.co/alertas/ckfinder/userfiles/files/ALERTAS%20SANITARIAS/Dispositivos_Medicos/2025/DICIEMBRE/Alerta%20No_%20%23387-2025%20-%20Xpert®%20HIV-1%20Viral%20Load%20XC%20.pdf,Alerta sanitaria sobre: Xpert® HIV-1 Viral Load XC,02-12-2025,Colombia,INVIMA
https://www.digemid.minsa.gob.pe/webDigemid/alertas-modificaciones/2025/alerta-digemid-no-141-2025/,ALERTA DIGEMID Nº 141-2025,02-12-2025 21:59:50,Perú,DIGEMID
https://www.digemid.minsa.gob.pe/webDigemid/alertas-modificaciones/2025/alerta-digemid-no-140-2025/,ALERTA DIGEMID Nº 140-2025,02-12-2025 21:57:38,Perú,DIGEMID
https://www.digemid.minsa.gob.pe/webDigemid/alertas-modificaciones/2025/alerta-digemid-no-139-2025/,ALERTA DIGEMID Nº 139-2025,02-12-2025 21:56:06,Perú,DIGEMID
https://www.digemid.minsa.gob.pe/webDigemid/alertas-modificaciones/2025/alerta-digemid-no-138-2025/,ALERTA DIGEMID Nº 138-2025,02-12-2025 21:54:17,Perú,DIGEMID
http://antigo.anvisa.gov.br/informacoes-tecnicas13?p_p_id=101_INSTANCE_R6VaZWsQDDzS&p_p_col_id=column-1&p_p_col_count=1&_101_INSTANCE_R6VaZWsQDDzS_groupId=33868&_101_INSTANCE_R6VaZWsQDDzS_urlTitle=alerta-5088-tecnovigilancia-comunicado-da-empresa-medicone-projetos-e-solucoes-para-a-industria-e-a-saude-ltda-cateter-para-retirada-de-balao-intragas&_101_INSTANCE_R6VaZWsQDDzS_struts_action=%2Fasset_publisher%2Fview_content&_101_INSTANCE_R6VaZWsQDDzS_assetEntryId=7167166&_101_INSTANCE_R6VaZWsQDDzS_type=content,Alerta 5088 (Tecnovigilância) - Comunicado da empresa Medicone Projetos e Soluções para a Indústria e a Saúde Ltda - Cateter para retirada de balão intragástrico medicone - tipo agulha.,03-12-2025 08:27,Brasil,ANVISA
https://app.invima.gov.co/alertas/ckfinder/userfiles/files/ALERTAS%20SANITARIAS/medicamentos_pbiologicos/2025/DICIEMBRE/Alerta%20No%20389-2025%20-%20PRODUCTO%20FALSIFICADO%20MABTHERA%20500%20mg_50mL.pdf,Alerta Sanitaria sobre: PRODUCTO FALSIFICADO MABTHERA 500 mg/50mL LOTE M8521D09 FECHA DE MANUFACTURA 09-2023 Y FECHA DE EXPIRACIÓN 09-2026.,03-12-2025,Colombia,INVIMA
https://www.digemid.minsa.gob.pe/webDigemid/alertas-modificaciones/2025/modificaciones-n-15-2025/,MODIFICACIONES N° 15 – 2025,03-12-2025 14:44:31,Perú,DIGEMID
https://www.digemid.minsa.gob.pe/webDigemid/alertas-modificaciones/2025/modificaciones-n-17-2025/,MODIFICACIONES N° 17 – 2025,03-12-2025 15:07:16,Perú,DIGEMID
https://www.digemid.minsa.gob.pe/webDigemid/alertas-modificaciones/2025/modificaciones-n-16-2025/,MODIFICACIONES N° 16 – 2025,03-12-2025 15:02:42,Perú,DIGEMID
http://antigo.anvisa.gov.br/informacoes-tecnicas13?p_p_id=101_INSTANCE_R6VaZWsQDDzS&p_p_col_id=column-1&p_p_col_count=1&_101_INSTANCE_R6VaZWsQDDzS_groupId=33868&_101_INSTANCE_R6VaZWsQDDzS_urlTitle=alerta-5089-tecnovigilancia-comunicado-da-empresa-philips-medical-systems-ltda-arco-cirurgico-zenition-&_101_INSTANCE_R6VaZWsQDDzS_struts_action=%2Fasset_publisher%2Fview_content&_101_INSTANCE_R6VaZWsQDDzS_assetEntryId=7167383&_101_INSTANCE_R6VaZWsQDDzS_type=content,Alerta 5089 (Tecnovigilância) - Comunicado da empresa Philips Medical Systems Ltda - Arco Cirúrgico Zenition.,03-12-2025 13:30,Brasil,ANVISA
https://www.ispch.gob.cl/alerta/sistemas-allura-r8-2-x-equipados-con-un-generador-de-rayos-x-certeray/,Sistemas Allura R8.2.x equipados con un generador de rayos X Certeray,03-12-2025 15:46:14,Chile,ISPCH
https://www.ispch.gob.cl/alerta/retiro-del-mercado-n3-2025-de-productos-con-finalidad-esmalte-de-unas-que-en-su-formula-contienen-el-ingrediente-dimethyltolylamine/,"RETIRO DEL MERCADO N°3/2025 DE PRODUCTOS CON FINALIDAD ESMALTE DE UÑAS, QUE EN SU FÓRMULA CONTIENEN EL INGREDIENTE DIMETHYLTOLYLAMINE",04-12-2025 18:19:18,Chile,ISPCH
https://www.digemid.minsa.gob.pe/webDigemid/alertas-modificaciones/2025/alerta-digemid-no-144-2025/,ALERTA DIGEMID Nº 144-2025,04-12-2025 21:55:49,Perú,DIGEMID
https://www.digemid.minsa.gob.pe/webDigemid/alertas-modificaciones/2025/alerta-digemid-no-143-2025/,ALERTA DIGEMID Nº 143-2025,04-12-2025 21:54:59,Perú,DIGEMID
https://www.digemid.minsa.gob.pe/webDigemid/alertas-modificaciones/2025/alerta-digemid-no-142-2025/,ALERTA DIGEMID Nº 142-2025,04-12-2025 21:54:20,Perú,DIGEMID
https://www.gob.mx/cms/uploads/attachment/file/1041403/Alerta_Sanitaria_Rituximab_04122025.pdf,274_Alerta_Sanitaria_Rituximab,04-12-2025,México,COFEPRIS
https://app.invima.gov.co/alertas/ckfinder/userfiles/files/ALERTAS%20SANITARIAS/Alimentos_Bebidas/2025/Diciembre/Alerta%20No_%20%23390-2025%20-%20FALSIFICACI%C3%93N%20DE%20LECHE%20EN%20POLVO%20ENTERA%20FORTIFICADA%20CON%20VITAMINAS%20A%20Y%20D3%20MARCA%20INDULECHE%2C%20presentaci%C3%B3n%20800%20g%2C%20Lote%201J120525%20CON%20FECHA%20DE%20VENCIMIENTO%20DEL%2012%20MAY%202026.pdf,"Alerta sanitaria sobre: FALSIFICACIÓN DE LECHE EN POLVO ENTERA FORTIFICADA CON VITAMINAS A Y D3 MARCA INDULECHE, presentación 800 g, Lote 1J120525 CON FECHA DE VENCIMIENTO DEL 12 MAY 2026",05-12-2025,Colombia,INVIMA
https://app.invima.gov.co/alertas/ckfinder/userfiles/files/ALERTAS%20SANITARIAS/medicamentos_pbiologicos/2025/DICIEMBRE/Alerta%20No%23361-2025%20-%20%20.pdf,Alerta Sanitaria sobre: PRODUCTOS FRAUDULENTOS COMERCIALIZADOS EN LA CUENTA MYFITNESSCOL DE INSTAGRAM,05-12-2025,Colombia,INVIMA
https://app.invima.gov.co/alertas/ckfinder/userfiles/files/ALERTAS%20SANITARIAS/medicamentos_pbiologicos/2025/DICIEMBRE/Alerta%20No%23388-2025%20-%20TURKESTERONE%20.pdf,Alerta Sanitaria Sobre: TURKESTERONE,05-12-2025,Colombia,INVIMA
https://app.invima.gov.co/alertas/ckfinder/userfiles/files/ALERTAS%20SANITARIAS/medicamentos_pbiologicos/2025/DICIEMBRE/Alerta%20No%23386-2025%20-%20PRODUCTO%20FALSIFICADO%20ALECENSA%20150%20mg%20Lote_%20B1739M1%20con%20fecha%20de%20fabricaci%C3%B3n%20F_F_%2010_2023%20-Fecha%20de%20vencimiento%20F_V_%2010_2025%20%20.pdf,Alerta Sanitaria sobre: PRODUCTO FALSIFICADO ALECENSA 150 mg Lote: B1739M1 con fecha de fabricación F.F. 10/2023 -Fecha de vencimiento F.V. 10/2025,05-12-2025,Colombia,INVIMA
https://app.invima.gov.co/alertas/ckfinder/userfiles/files/ALERTAS%20SANITARIAS/medicamentos_pbiologicos/2025/DICIEMBRE/Alerta%20No%23385-2025%20-%20.pdf,Alerta Sanitaria sobre: LIPOFAT E HIDROLIPO,05-12-2025,Colombia,INVIMA
http://antigo.anvisa.gov.br/informacoes-tecnicas13?p_p_id=101_INSTANCE_R6VaZWsQDDzS&p_p_col_id=column-1&p_p_col_count=1&_101_INSTANCE_R6VaZWsQDDzS_groupId=33868&_101_INSTANCE_R6VaZWsQDDzS_urlTitle=alerta-5090-tecnovigilancia-comunicado-da-empresa-e-tamussino-cia-ltda-introdutor-aramado-10212990226-conjunto-para-acesso-transjugular-ao-figado-1021&_101_INSTANCE_R6VaZWsQDDzS_struts_action=%2Fasset_publisher%2Fview_content&_101_INSTANCE_R6VaZWsQDDzS_assetEntryId=7168745&_101_INSTANCE_R6VaZWsQDDzS_type=content,Alerta 5090 (Tecnovigilância) - Comunicado da empresa E. Tamussino & Cia Ltda - Introdutor Aramado (10212990226); Conjunto para Acesso Transjugular ao Fígado (10212990037).,05-12-2025 17:50,Brasil,ANVISA
https://app.invima.gov.co/alertas/ckfinder/userfiles/files/ALERTAS%20SANITARIAS/medicamentos_pbiologicos/2025/NOVIEMBRE/Alerta%20No%23342-2025%20%20ANTIOFIDICO%20POLIVALENTE%20LIOFILIZADO%20PROBIOL%20(INMUNOGLOBULINAS%20DE%20ORIGEN%20EQUINO%20(IGG)%20LIOFILIZADO)%20Lote_%20AP023II25%20con%20fecha%20de%20vencimiento%20febrero%202030_%20pdf.pdf,Alerta Sanitaria Sobre : SUERO ANTIOFIDICO POLIVALENTE LIOFILIZADO PROBIOL (INMUNOGLOBULINAS DE ORIGEN EQUINO (IGG) LIOFILIZADO) Lote: AP023II25 con fecha de vencimiento febrero 2030.,11-11-2025,Colombia,INVIMA
